{
  "primary_metric": {
    "name": "test_recession_recall",
    "value": 1.0
  },
  "test": {
    "accuracy": 0.9722222222222222,
    "confusion_matrix": [
      [
        32,
        1
      ],
      [
        0,
        3
      ]
    ],
    "f1": 0.8571428571428571,
    "positive_months": 3,
    "precision": 0.75,
    "predicted_positive_months": 4,
    "recession_recall": 1.0,
    "roc_auc": 1.0,
    "rows": 36
  },
  "train": {
    "accuracy": 0.9583333333333334,
    "confusion_matrix": [
      [
        71,
        3
      ],
      [
        1,
        21
      ]
    ],
    "f1": 0.9130434782608695,
    "positive_months": 22,
    "precision": 0.875,
    "predicted_positive_months": 24,
    "recession_recall": 0.9545454545454546,
    "roc_auc": 0.9944717444717445,
    "rows": 96
  },
  "validation": {
    "accuracy": 0.8888888888888888,
    "confusion_matrix": [
      [
        27,
        4
      ],
      [
        0,
        5
      ]
    ],
    "f1": 0.7142857142857143,
    "positive_months": 5,
    "precision": 0.5555555555555556,
    "predicted_positive_months": 9,
    "recession_recall": 1.0,
    "roc_auc": 0.9935483870967742,
    "rows": 36
  }
}